user,login_count,device_count,after_hours,login_frequency
DTAA/AAA0371,843,0.0,290,2.906896551724138
DTAA/AAC0344,690,0.0,166,2.0
DTAA/AAC0599,690,0.0,178,2.0
DTAA/AAH0734,690,0.0,0,2.0
DTAA/AAK0658,690,0.0,0,2.0
DTAA/AAK0924,690,0.0,0,2.0
DTAA/AAR0508,690,0.0,345,2.0
DTAA/AAS0709,1004,0.0,172,2.9101449275362317
DTAA/ABB0272,1195,655.0,169,3.463768115942029
DTAA/ABD0833,690,0.0,164,2.0
DTAA/ABG0179,690,0.0,0,2.0
DTAA/ABH0963,690,0.0,345,2.0
DTAA/ABL0836,690,0.0,426,2.0
DTAA/ABS0726,788,62.0,78,2.2386363636363638
DTAA/ACD0647,690,0.0,345,2.0
DTAA/ACH0803,822,516.0,350,2.382608695652174
DTAA/ACL0865,690,0.0,345,2.0
DTAA/ACM0061,690,0.0,0,2.0
DTAA/ACR0400,690,0.0,0,2.0
DTAA/ADR0219,690,0.0,0,2.0
DTAA/AEC0750,690,0.0,345,2.0
DTAA/AEG0905,690,0.0,345,2.0
DTAA/AEW0730,690,0.0,0,2.0
DTAA/AFD0868,690,0.0,242,2.0
DTAA/AFF0760,184,6.0,74,3.0163934426229506
DTAA/AFG0122,916,0.0,346,2.655072463768116
DTAA/AFH0331,999,520.0,363,2.8956521739130436
DTAA/AFN0918,1012,405.0,178,2.933333333333333
DTAA/AFO0022,1091,0.0,411,3.1260744985673354
DTAA/AFR0646,690,459.0,0,2.0
DTAA/AGB0091,690,0.0,345,2.0
DTAA/AGF0088,690,0.0,189,2.0
DTAA/AGG0562,690,0.0,0,2.0
DTAA/AGW0182,1224,352.0,384,3.527377521613833
DTAA/AHD0147,690,0.0,161,2.0
DTAA/AHS0926,690,0.0,168,2.0
DTAA/AHV0103,950,0.0,0,2.753623188405797
DTAA/AIB0797,1068,198.0,439,3.0514285714285716
DTAA/AIC0321,690,0.0,163,2.0
DTAA/AID0577,690,0.0,345,2.0
DTAA/AJA0220,1129,314.0,459,3.153631284916201
DTAA/AJB0016,1135,589.0,355,3.289855072463768
DTAA/AJB0370,987,198.0,345,2.860869565217391
DTAA/AJC0203,690,0.0,0,2.0
DTAA/AJC0266,1121,590.0,0,3.2492753623188406
DTAA/AJC0399,189,69.0,13,3.78
DTAA/AJM0302,690,0.0,345,2.0
DTAA/AJN0804,1204,0.0,348,3.4898550724637682
DTAA/AJP0553,852,40.0,84,2.4204545454545454
DTAA/AJS0917,690,0.0,345,2.0
DTAA/AJS0978,690,0.0,0,2.0
DTAA/AKA0033,690,0.0,345,2.0
DTAA/AKH0067,690,0.0,345,2.0
DTAA/AKM0969,690,0.0,174,2.0
DTAA/AKP0173,690,0.0,345,2.0
DTAA/AKS0283,1202,11.0,90,3.3954802259887007
DTAA/AKW0582,1050,0.0,78,2.9914529914529915
DTAA/ALC0244,690,0.0,345,2.0
DTAA/ALK0520,1141,0.0,395,3.307246376811594
DTAA/ALL0155,690,0.0,345,2.0
DTAA/ALN0201,690,0.0,345,2.0
DTAA/ALS0087,690,0.0,159,2.0
DTAA/ALW0250,690,0.0,345,2.0
DTAA/ALW0694,966,0.0,345,2.8
DTAA/ALW0834,971,0.0,0,2.8144927536231883
DTAA/AMA0191,1035,671.0,750,2.948717948717949
DTAA/AMA0606,800,0.0,354,2.318840579710145
DTAA/AMD0432,690,0.0,0,2.0
DTAA/AMH0101,690,0.0,172,2.0
DTAA/AMM0340,954,0.0,345,2.765217391304348
DTAA/AMM0661,690,0.0,345,2.0
DTAA/AMM0830,690,0.0,156,2.0
DTAA/AMS0897,975,0.0,345,2.8260869565217392
DTAA/ANC0012,967,0.0,345,2.802898550724638
DTAA/ANS0172,690,0.0,345,2.0
DTAA/ANW0351,690,0.0,0,2.0
DTAA/AOC0511,690,0.0,161,2.0
DTAA/APC0769,690,0.0,165,2.0
DTAA/AQG0678,334,214.0,59,2.982142857142857
DTAA/ARB0050,690,0.0,345,2.0
DTAA/ARB0100,678,0.0,339,2.0
DTAA/ARC0677,1131,0.0,363,3.2782608695652176
DTAA/ARF0269,690,0.0,180,2.0
DTAA/ARG0405,690,0.0,345,2.0
DTAA/ARK0026,712,460.0,171,2.063768115942029
DTAA/ARM0416,971,346.0,345,2.8144927536231883
DTAA/ARP0948,690,0.0,160,2.0
DTAA/ARR0758,690,0.0,345,2.0
DTAA/ARR0878,690,0.0,172,2.0
DTAA/ARR0977,1138,260.0,174,3.298550724637681
DTAA/ARS0993,4772,0.0,2541,13.44225352112676
DTAA/ARW0541,690,0.0,0,2.0
DTAA/ASC0132,798,0.0,347,2.3130434782608695
DTAA/ASO0023,1184,28.0,441,3.382857142857143
DTAA/ASP0799,690,0.0,345,2.0
DTAA/ASR0539,690,0.0,173,2.0
DTAA/ASS0824,690,0.0,400,2.0
DTAA/ASV0049,1057,69.0,0,3.063768115942029
DTAA/ATJ0284,702,528.0,357,2.0289017341040463
DTAA/AUM0365,993,0.0,164,2.878260869565217
DTAA/AWB0828,690,0.0,0,2.0
DTAA/AXB0007,690,0.0,0,2.0
DTAA/AZC0030,744,258.0,161,2.1565217391304348
DTAA/AZS0738,690,0.0,175,2.0
DTAA/BAB0505,690,0.0,345,2.0
DTAA/BAE0444,690,0.0,167,2.0
DTAA/BAF0379,870,301.0,74,2.4786324786324787
DTAA/BAH0774,690,0.0,174,2.0
DTAA/BAK0787,690,0.0,0,2.0
DTAA/BAM0466,722,0.0,506,2.092753623188406
DTAA/BBH0313,690,0.0,182,2.0
DTAA/BBM0499,926,0.0,349,2.684057971014493
DTAA/BBP0623,690,0.0,170,2.0
DTAA/BCB0013,690,0.0,0,2.0
DTAA/BCG0303,690,0.0,345,2.0
DTAA/BCG0692,690,0.0,345,2.0
DTAA/BCH0912,690,0.0,0,2.0
DTAA/BCJ0800,742,340.0,0,2.1507246376811593
DTAA/BCM0558,972,0.0,180,2.8173913043478263
DTAA/BCM0899,690,0.0,345,2.0
DTAA/BCR0547,690,0.0,345,2.0
DTAA/BCS0374,690,0.0,345,2.0
DTAA/BCV0109,690,0.0,345,2.0
DTAA/BCW0386,690,0.0,0,2.0
DTAA/BDH0038,1106,0.0,345,3.205797101449275
DTAA/BDI0634,690,0.0,0,2.0
DTAA/BFO0438,690,0.0,345,2.0
DTAA/BFO0974,220,0.0,122,2.2448979591836733
DTAA/BFV0911,690,0.0,345,2.0
DTAA/BGF0236,977,592.0,0,2.8318840579710143
DTAA/BGN0054,690,0.0,192,2.0
DTAA/BGV0046,1003,0.0,174,2.907246376811594
DTAA/BGW0009,118,0.0,0,2.0
DTAA/BHH0460,282,0.0,0,2.0
DTAA/BIM0736,690,0.0,345,2.0
DTAA/BIR0534,1300,16.0,447,3.6211699164345403
DTAA/BJC0569,957,447.0,345,2.773913043478261
DTAA/BJM0311,690,0.0,0,2.0
DTAA/BJM0992,4906,0.0,2265,13.742296918767506
DTAA/BKH0156,690,0.0,0,2.0
DTAA/BKM0116,1139,0.0,347,3.301449275362319
DTAA/BLB0079,1144,0.0,346,3.315942028985507
DTAA/BLS0098,754,0.0,165,2.1855072463768117
DTAA/BMK0943,973,0.0,0,2.8202898550724638
DTAA/BML0618,690,0.0,690,2.0
DTAA/BMM0247,518,0.0,0,2.1316872427983538
DTAA/BMR0412,1189,0.0,0,3.446376811594203
DTAA/BMR0596,690,0.0,0,2.0
DTAA/BMS0001,690,0.0,0,2.0
DTAA/BNG0510,690,0.0,345,2.0
DTAA/BNL0480,690,0.0,345,2.0
DTAA/BNM0353,977,0.0,408,2.8318840579710143
DTAA/BNN0072,690,0.0,345,2.0
DTAA/BNW0850,272,83.0,164,2.0
DTAA/BPB0808,1092,0.0,351,3.1652173913043478
DTAA/BPC0533,1104,332.0,346,3.2
DTAA/BQW0149,690,0.0,0,2.0
DTAA/BRB0908,690,0.0,0,2.0
DTAA/BSG0869,690,0.0,141,2.0
DTAA/BSM0334,690,0.0,0,2.0
DTAA/BTH0004,331,0.0,46,2.8290598290598292
DTAA/BTH0358,690,0.0,0,2.0
DTAA/BTW0973,1094,32.0,476,3.0644257703081235
DTAA/BVM0716,690,0.0,0,2.0
DTAA/BWS0872,1080,0.0,251,3.130434782608696
DTAA/BXY0648,690,0.0,0,2.0
DTAA/BYB0347,967,131.0,174,2.802898550724638
DTAA/BZH0120,690,0.0,0,2.0
DTAA/BZM0434,690,0.0,172,2.0
DTAA/CAC0854,996,519.0,514,2.8869565217391306
DTAA/CAH0610,690,0.0,229,2.0
DTAA/CAH0921,690,0.0,345,2.0
DTAA/CAM0975,690,0.0,0,2.0
DTAA/CAO0951,690,0.0,175,2.0
DTAA/CAR0015,970,0.0,345,2.8115942028985508
DTAA/CAV0757,690,0.0,345,2.0
DTAA/CAW0976,955,209.0,158,2.7681159420289854
DTAA/CBB0075,972,0.0,690,2.8173913043478263
DTAA/CBC0653,690,0.0,229,2.0
DTAA/CBH0762,690,0.0,172,2.0
DTAA/CBP0628,690,0.0,345,2.0
DTAA/CBR0104,1009,0.0,345,2.92463768115942
DTAA/CBR0208,690,0.0,0,2.0
DTAA/CBR0439,972,0.0,690,2.8173913043478263
DTAA/CCA0349,690,0.0,0,2.0
DTAA/CCB0366,690,0.0,345,2.0
DTAA/CCB0496,975,398.0,345,2.8260869565217392
DTAA/CCG0876,988,326.0,173,2.863768115942029
DTAA/CCH0497,690,0.0,147,2.0
DTAA/CCM0827,841,0.0,341,2.9
DTAA/CDE0193,1023,0.0,0,2.965217391304348
DTAA/CDE0810,974,0.0,345,2.8231884057971013
DTAA/CDF0585,690,0.0,345,2.0
DTAA/CDK0329,720,0.0,347,2.0869565217391304
DTAA/CDR0453,690,0.0,345,2.0
DTAA/CDS0110,975,0.0,177,2.8260869565217392
DTAA/CDS0300,690,0.0,164,2.0
DTAA/CDZ0056,1342,159.0,480,3.7174515235457064
DTAA/CEB0718,690,0.0,345,2.0
DTAA/CGC0877,690,0.0,345,2.0
DTAA/CGH0125,690,0.0,345,2.0
DTAA/CGM0319,1097,0.0,351,3.1797101449275362
DTAA/CGM0343,1247,253.0,355,3.6144927536231886
DTAA/CGM0994,5110,0.0,2665,14.517045454545455
DTAA/CGR0202,690,0.0,0,2.0
DTAA/CGT0183,690,0.0,345,2.0
DTAA/CHA0174,1276,654.0,86,3.645714285714286
DTAA/CHM0645,826,260.0,180,2.3942028985507244
DTAA/CHS0324,1090,45.0,429,3.096590909090909
DTAA/CIB0489,8,0.0,4,2.0
DTAA/CJG0638,1198,0.0,0,3.472463768115942
DTAA/CJW0317,1185,516.0,369,3.4347826086956523
DTAA/CKB0536,690,0.0,187,2.0
DTAA/CKR0296,953,0.0,345,2.7623188405797103
DTAA/CKW0622,690,0.0,345,2.0
DTAA/CLB0995,4836,0.0,2581,13.546218487394958
DTAA/CLK0383,1090,20.0,428,3.087818696883853
DTAA/CLN0999,4908,0.0,2572,13.982905982905983
DTAA/CLP0332,974,0.0,0,2.8231884057971013
DTAA/CLS0819,690,65.0,0,2.0
DTAA/CMC0814,690,0.0,345,2.0
DTAA/CMF0339,1112,25.0,441,3.159090909090909
DTAA/CMM0900,690,0.0,0,2.0
DTAA/CMU0028,690,0.0,184,2.0
DTAA/CNB0615,690,0.0,180,2.0
DTAA/CNS0950,690,0.0,345,2.0
DTAA/CNT0514,690,0.0,345,2.0
DTAA/COS0121,1284,222.0,481,3.6271186440677967
DTAA/CPM0959,690,0.0,345,2.0
DTAA/CPP0761,702,329.0,0,2.034782608695652
DTAA/CPS0559,974,0.0,345,2.8231884057971013
DTAA/CRC0996,4830,0.0,2608,13.879310344827585
DTAA/CRF0074,965,0.0,345,2.7971014492753623
DTAA/CRJ0934,690,0.0,0,2.0
DTAA/CRM0058,342,0.0,113,2.0
DTAA/CSA0071,690,0.0,0,2.0
DTAA/CSB0363,690,0.0,345,2.0
DTAA/CSC0297,1035,463.0,386,2.9741379310344827
DTAA/CSD0739,690,0.0,345,2.0
DTAA/CSR0189,766,0.0,408,2.194842406876791
DTAA/CTF0687,788,0.0,98,2.219718309859155
DTAA/CTH0082,804,0.0,443,2.303724928366762
DTAA/CTH0856,804,263.0,299,2.2647887323943663
DTAA/CTR0537,741,8.0,268,2.85
DTAA/CVW0133,1054,205.0,345,3.055072463768116
DTAA/CWG0305,1081,113.0,454,2.9861878453038675
DTAA/CYK0330,1089,201.0,174,3.1565217391304348
DTAA/CZB0163,690,0.0,345,2.0
DTAA/DAG0754,973,0.0,172,2.8202898550724638
DTAA/DAO0613,818,0.0,346,2.516923076923077
DTAA/DAR0341,690,0.0,345,2.0
DTAA/DAV0579,974,652.0,166,2.8231884057971013
DTAA/DAW0123,440,0.0,220,2.0
DTAA/DAW0199,292,0.0,69,2.0
DTAA/DAW0221,720,0.0,262,2.0809248554913293
DTAA/DBA0367,690,0.0,345,2.0
DTAA/DBB0235,1036,470.0,0,3.0028985507246375
DTAA/DBF0903,1193,329.0,348,3.457971014492754
DTAA/DBG0686,690,0.0,345,2.0
DTAA/DBM0698,961,0.0,345,2.785507246376812
DTAA/DCB0462,1005,0.0,691,2.9130434782608696
DTAA/DCC0600,826,144.0,349,2.3942028985507244
DTAA/DCF0307,690,0.0,166,2.0
DTAA/DCM0725,690,0.0,0,2.0
DTAA/DDD0915,1005,0.0,434,2.9130434782608696
DTAA/DDJ0535,690,0.0,345,2.0
DTAA/DDK0417,1278,411.0,86,3.610169491525424
DTAA/DDW0643,970,0.0,345,2.8115942028985508
DTAA/DEP0563,690,0.0,345,2.0
DTAA/DFW0798,954,456.0,0,2.765217391304348
DTAA/DFZ0063,1080,63.0,106,3.0594900849858355
DTAA/DGM0240,1206,0.0,0,3.4956521739130433
DTAA/DIS0382,1136,619.0,295,3.209039548022599
DTAA/DJC0162,690,0.0,409,2.0
DTAA/DJW0368,1064,0.0,256,3.0313390313390314
DTAA/DKB0409,690,0.0,0,2.0
DTAA/DKR0696,690,0.0,0,2.0
DTAA/DLM0723,922,0.0,352,2.672463768115942
DTAA/DME0620,690,0.0,0,2.0
DTAA/DMR0377,1214,0.0,411,3.5188405797101447
DTAA/DNH0619,690,0.0,0,2.0
DTAA/DNM0143,690,0.0,0,2.0
DTAA/DNS0937,1149,0.0,0,3.3304347826086955
DTAA/DOC0003,690,0.0,0,2.0
DTAA/DOO0986,690,0.0,0,2.0
DTAA/DRD0916,690,0.0,180,2.0
DTAA/DRH0790,690,0.0,345,2.0
DTAA/DRM0312,971,0.0,345,2.8144927536231883
DTAA/DRN0845,1190,0.0,0,3.449275362318841
DTAA/DRO0126,988,0.0,159,2.863768115942029
DTAA/DRO0516,690,0.0,0,2.0
DTAA/DRP0428,1132,0.0,369,3.281159420289855
DTAA/DSB0887,712,0.0,170,2.063768115942029
DTAA/DSH0627,728,18.0,211,2.08
DTAA/DSM0990,4986,0.0,2645,14.084745762711865
DTAA/DSS0112,971,0.0,345,2.8144927536231883
DTAA/DST0527,690,0.0,345,2.0
DTAA/DST0857,690,0.0,167,2.0
DTAA/DTD0380,972,0.0,0,2.8173913043478263
DTAA/DWB0426,690,0.0,345,2.0
DTAA/DWF0128,445,0.0,0,3.3969465648854964
DTAA/DXM0213,690,0.0,345,2.0
DTAA/EAM0745,690,0.0,0,2.0
DTAA/EAR0695,690,0.0,345,2.0
DTAA/EBP0037,724,470.0,347,2.0985507246376813
DTAA/EBS0287,972,0.0,0,2.8173913043478263
DTAA/ECB0185,766,0.0,177,2.2202898550724637
DTAA/ECB0494,690,0.0,0,2.0
DTAA/ECD0029,668,0.0,334,2.0
DTAA/ECG0753,690,0.0,345,2.0
DTAA/ECM0214,1142,142.0,180,3.310144927536232
DTAA/ECT0491,690,0.0,0,2.0
DTAA/EDC0357,690,0.0,345,2.0
DTAA/EDG0766,690,0.0,0,2.0
DTAA/EDH0146,1150,389.0,403,3.3333333333333335
DTAA/EDR0642,690,0.0,170,2.0
DTAA/EDW0137,690,0.0,345,2.0
DTAA/EEB0134,975,0.0,0,2.8260869565217392
DTAA/EEK0031,690,0.0,0,2.0
DTAA/EFS0114,690,0.0,345,2.0
DTAA/EGG0294,690,0.0,182,2.0
DTAA/EGM0401,1007,120.0,350,2.918840579710145
DTAA/EJB0888,690,0.0,162,2.0
DTAA/EJS0513,969,0.0,0,2.8086956521739133
DTAA/EKB0587,690,0.0,174,2.0
DTAA/ELA0741,969,187.0,184,2.8086956521739133
DTAA/ELD1000,4900,0.0,2364,13.80281690140845
DTAA/EML0060,690,0.0,0,2.0
DTAA/EMM0782,690,0.0,167,2.0
DTAA/EMR0242,834,71.0,120,2.342696629213483
DTAA/EMZ0196,1054,319.0,173,3.055072463768116
DTAA/ENB0293,690,0.0,194,2.0
DTAA/END0616,690,0.0,169,2.0
DTAA/ENP0794,690,0.0,345,2.0
DTAA/EOS0972,1242,56.0,457,3.5384615384615383
DTAA/ERP0254,768,200.0,347,2.226086956521739
DTAA/ESB0080,965,400.0,155,2.7971014492753623
DTAA/EWR0504,987,65.0,346,2.860869565217391
DTAA/FAF0578,690,0.0,345,2.0
DTAA/FCG0115,690,0.0,345,2.0
DTAA/FCT0552,690,0.0,168,2.0
DTAA/FDP0500,1150,460.0,346,3.3333333333333335
DTAA/FES0933,690,0.0,345,2.0
DTAA/FFP0721,994,248.0,352,2.881159420289855
DTAA/FGM0119,690,0.0,0,2.0
DTAA/FHM0931,720,69.0,345,2.0869565217391304
DTAA/FIM0668,690,0.0,345,2.0
DTAA/FJC0138,690,0.0,345,2.0
DTAA/FKR0550,1211,292.0,463,3.38268156424581
DTAA/FLC0811,690,0.0,345,2.0
DTAA/FMF0197,690,0.0,411,2.0
DTAA/FNO0471,690,0.0,178,2.0
DTAA/FTB0295,254,0.0,0,2.0
DTAA/FUA0154,1073,132.0,0,3.110144927536232
DTAA/GBR0420,975,0.0,345,2.8260869565217392
DTAA/GCH0545,690,0.0,345,2.0
DTAA/GDG0184,1064,0.0,171,3.084057971014493
DTAA/GDJ0631,970,0.0,345,2.8115942028985508
DTAA/GEC0077,690,0.0,0,2.0
DTAA/GHB0863,993,0.0,186,2.878260869565217
DTAA/GHC0041,984,322.0,345,2.8521739130434782
DTAA/GHS0664,690,0.0,0,2.0
DTAA/GJG0820,690,0.0,345,2.0
DTAA/GJH0384,690,0.0,345,2.0
DTAA/GKC0919,740,0.0,724,2.132564841498559
DTAA/GKJ0573,690,192.0,182,2.0
DTAA/GLB0715,1140,0.0,0,3.3043478260869565
DTAA/GMF0571,970,0.0,345,2.8115942028985508
DTAA/GML0105,812,18.0,18,3.0641509433962266
DTAA/GMS0949,690,0.0,345,2.0
DTAA/GNB0481,690,0.0,0,2.0
DTAA/GNH0394,1044,323.0,354,3.026086956521739
DTAA/GRC0474,971,0.0,345,2.8144927536231883
DTAA/GRG0693,768,311.0,423,2.206896551724138
DTAA/GRS0372,1131,273.0,29,3.2406876790830945
DTAA/GSL0697,750,397.0,347,2.1739130434782608
DTAA/GTJ0243,690,0.0,345,2.0
DTAA/GTR0327,690,0.0,345,2.0
DTAA/GVH0277,722,265.0,0,2.092753623188406
DTAA/GWS0381,690,0.0,345,2.0
DTAA/GYB0248,690,0.0,178,2.0
DTAA/GYT0279,1057,8.0,212,3.0286532951289398
DTAA/HAG0649,1149,12.0,206,3.3112391930835736
DTAA/HAS0430,972,0.0,178,2.8173913043478263
DTAA/HBB0402,1132,0.0,176,3.281159420289855
DTAA/HBF0035,954,0.0,345,2.765217391304348
DTAA/HBL0517,984,530.0,171,2.8521739130434782
DTAA/HCC0258,1198,0.0,164,3.472463768115942
DTAA/HCG0731,1245,659.0,140,3.477653631284916
DTAA/HCJ0171,794,0.0,207,2.2947976878612715
DTAA/HCM0681,1101,0.0,354,3.1913043478260867
DTAA/HCP0315,971,0.0,179,2.8144927536231883
DTAA/HCR0525,690,0.0,167,2.0
DTAA/HCR0795,690,74.0,345,2.0
DTAA/HDB0655,416,0.0,166,2.5060240963855422
DTAA/HDR0261,968,402.0,402,2.8057971014492753
DTAA/HDR0823,1216,268.0,0,3.52463768115942
DTAA/HED0802,1137,0.0,0,3.2956521739130435
DTAA/HEG0785,690,0.0,0,2.0
DTAA/HER0860,466,0.0,111,2.0
DTAA/HFC0680,690,0.0,0,2.0
DTAA/HIB0604,690,263.0,345,2.0
DTAA/HIP0929,690,0.0,345,2.0
DTAA/HJK0057,954,0.0,345,2.765217391304348
DTAA/HJP0784,955,0.0,345,2.7681159420289854
DTAA/HKG0503,690,0.0,345,2.0
DTAA/HKM0260,1048,253.0,345,3.03768115942029
DTAA/HKO0796,690,0.0,345,2.0
DTAA/HLA0457,690,0.0,345,2.0
DTAA/HNF0812,286,167.0,0,3.25
DTAA/HNK0421,690,0.0,169,2.0
DTAA/HNR0891,960,0.0,345,2.782608695652174
DTAA/HNS0858,1169,69.0,300,3.2745098039215685
DTAA/HOO0224,690,0.0,345,2.0
DTAA/HPF0958,690,0.0,345,2.0
DTAA/HPN0821,690,0.0,0,2.0
DTAA/HRK0729,690,0.0,345,2.0
DTAA/HRT0737,688,0.0,170,2.0
DTAA/HSD0519,1083,259.0,0,3.139130434782609
DTAA/HSH0981,690,0.0,345,2.0
DTAA/HSM0389,973,0.0,345,2.8202898550724638
DTAA/HSR0472,974,526.0,0,2.8231884057971013
DTAA/HTC0607,1198,467.0,222,3.422857142857143
DTAA/HTG0554,690,0.0,345,2.0
DTAA/HTS0265,914,129.0,129,2.5892351274787537
DTAA/HWG0148,973,0.0,188,2.8202898550724638
DTAA/IAC0264,690,0.0,345,2.0
DTAA/IAG0152,746,0.0,475,2.1314285714285712
DTAA/IAH0822,999,0.0,346,2.8956521739130436
DTAA/ICB0779,590,0.0,295,2.0
DTAA/ICF0629,690,0.0,345,2.0
DTAA/IGB0310,690,0.0,0,2.0
DTAA/IGC0415,690,0.0,345,2.0
DTAA/IHD0259,690,0.0,0,2.0
DTAA/IHF0040,974,0.0,345,2.8231884057971013
DTAA/IIR0475,974,0.0,345,2.8231884057971013
DTAA/IJG0454,690,0.0,0,2.0
DTAA/IJJ0342,166,0.0,83,2.0
DTAA/IKH0904,1233,640.0,114,3.5128205128205128
DTAA/IMB0473,1028,0.0,377,2.945558739255014
DTAA/IMD0280,690,0.0,0,2.0
DTAA/IMD0776,690,0.0,187,2.0
DTAA/IMF0700,690,0.0,403,2.0
DTAA/IMW0965,690,0.0,345,2.0
DTAA/IRC0991,5015,322.0,2562,14.247159090909092
DTAA/IRH0176,142,0.0,44,3.227272727272727
DTAA/ITC0131,690,0.0,0,2.0
DTAA/IVF0777,690,0.0,182,2.0
DTAA/IVS0463,690,0.0,0,2.0
DTAA/IWM0482,690,67.0,0,2.0
DTAA/JAC0390,690,0.0,0,2.0
DTAA/JAD0531,760,71.0,169,2.2028985507246377
DTAA/JAH0544,1209,74.0,280,3.434659090909091
DTAA/JAM0392,1000,527.0,346,2.898550724637681
DTAA/JBA0373,1022,0.0,356,2.96231884057971
DTAA/JBL0450,754,62.0,281,2.1420454545454546
DTAA/JBS0483,973,202.0,167,2.8202898550724638
DTAA/JBS0654,690,0.0,0,2.0
DTAA/JCC0140,1206,0.0,345,3.4956521739130433
DTAA/JCC0998,4980,0.0,2673,14.147727272727273
DTAA/JCG0817,690,0.0,345,2.0
DTAA/JCL0752,690,0.0,345,2.0
DTAA/JCS0873,1070,270.0,429,3.057142857142857
DTAA/JCT0410,974,68.0,345,2.8231884057971013
DTAA/JDM0083,690,0.0,189,2.0
DTAA/JDM0940,690,0.0,0,2.0
DTAA/JDR0685,1114,0.0,347,3.2289855072463767
DTAA/JFA0081,690,0.0,345,2.0
DTAA/JGB0062,1005,125.0,159,2.9130434782608696
DTAA/JGC0775,1090,93.0,441,3.1142857142857143
DTAA/JGS0274,690,0.0,345,2.0
DTAA/JHA0404,1204,0.0,376,3.4898550724637682
DTAA/JHC0703,716,0.0,347,2.07536231884058
DTAA/JHD0512,1196,104.0,76,3.359550561797753
DTAA/JHM0408,974,74.0,345,2.8231884057971013
DTAA/JHN0241,67,0.0,24,2.7916666666666665
DTAA/JIH0640,690,0.0,0,2.0
DTAA/JIP0187,690,0.0,421,2.0
DTAA/JJB0720,690,0.0,345,2.0
DTAA/JJR0278,1132,405.0,357,3.281159420289855
DTAA/JKW0464,690,0.0,0,2.0
DTAA/JLC0711,975,0.0,188,2.8260869565217392
DTAA/JLC0744,788,251.0,179,2.2840579710144926
DTAA/JLL0301,796,298.0,56,2.2678062678062676
DTAA/JLL0930,690,0.0,0,2.0
DTAA/JLM0053,962,624.0,24,2.9968847352024923
DTAA/JLV0465,540,0.0,151,2.0
DTAA/JMA0875,690,0.0,0,2.0
DTAA/JMC0233,976,0.0,345,2.8289855072463768
DTAA/JMM0759,1144,20.0,125,3.1866295264623954
DTAA/JMP0200,690,0.0,345,2.0
DTAA/JMR0906,690,0.0,345,2.0
DTAA/JMR0955,690,0.0,345,2.0
DTAA/JMS0793,690,654.0,345,2.0
DTAA/JNF0543,1073,405.0,355,3.110144927536232
DTAA/JPP0841,690,0.0,153,2.0
DTAA/JQH0724,690,0.0,345,2.0
DTAA/JRM0902,48,0.0,12,2.0
DTAA/JRP0458,690,0.0,345,2.0
DTAA/JSB0493,990,445.0,0,2.869565217391304
DTAA/JSE0020,1133,6.0,177,3.2840579710144926
DTAA/JSH0326,975,0.0,192,2.8260869565217392
DTAA/JSH0598,690,0.0,345,2.0
DTAA/JSW0180,1001,208.0,0,2.9014492753623187
DTAA/JTT0989,4864,0.0,2506,13.779036827195467
DTAA/JWW0076,690,0.0,0,2.0
DTAA/JXC0393,1108,0.0,0,3.2115942028985507
DTAA/JXG0567,690,0.0,345,2.0
DTAA/JZO0727,1053,470.0,161,3.0521739130434784
DTAA/JZV0159,690,0.0,345,2.0
DTAA/KAD0059,1118,61.0,468,3.1316526610644257
DTAA/KAG0880,1187,0.0,354,3.4405797101449274
DTAA/KBB0983,690,79.0,0,2.0
DTAA/KBC0337,690,0.0,345,2.0
DTAA/KBC0788,690,0.0,345,2.0
DTAA/KBP0188,690,0.0,345,2.0
DTAA/KCH0987,690,0.0,345,2.0
DTAA/KCN0107,690,0.0,345,2.0
DTAA/KDC0928,690,0.0,345,2.0
DTAA/KDL0806,1211,0.0,164,3.5101449275362318
DTAA/KEE0997,4942,0.0,2364,14.039772727272727
DTAA/KEH0055,690,0.0,162,2.0
DTAA/KES0043,690,0.0,0,2.0
DTAA/KFF0225,690,0.0,524,2.0
DTAA/KGC0456,690,0.0,345,2.0
DTAA/KGS0398,1111,135.0,362,3.201729106628242
DTAA/KIM0617,690,0.0,186,2.0
DTAA/KIN0073,916,0.0,352,2.655072463768116
DTAA/KJG0378,920,0.0,347,2.6666666666666665
DTAA/KJM0614,950,0.0,417,2.753623188405797
DTAA/KKC0575,690,0.0,0,2.0
DTAA/KKT0039,1192,0.0,163,3.455072463768116
DTAA/KKW0676,971,587.0,0,2.8144927536231883
DTAA/KKW0945,999,141.0,345,2.8956521739130436
DTAA/KLS0717,1081,132.0,347,3.1333333333333333
DTAA/KMC0840,690,0.0,345,2.0
DTAA/KMG0002,690,0.0,345,2.0
DTAA/KMW0755,690,0.0,345,2.0
DTAA/KNC0403,690,0.0,162,2.0
DTAA/KNH0719,690,0.0,167,2.0
DTAA/KNJ0633,690,0.0,0,2.0
DTAA/KPB0665,370,0.0,98,2.0
DTAA/KPC0158,690,0.0,345,2.0
DTAA/KPS0299,690,0.0,175,2.0
DTAA/KRC0021,1212,0.0,369,3.5130434782608697
DTAA/KRC0455,1193,0.0,165,3.457971014492754
DTAA/KRD0507,951,0.0,345,2.756521739130435
DTAA/KSB0673,984,519.0,346,2.8521739130434782
DTAA/KSO0749,690,0.0,169,2.0
DTAA/KSP0927,806,28.0,46,2.289772727272727
DTAA/KSW0597,690,123.0,404,2.0
DTAA/KTC0285,690,0.0,173,2.0
DTAA/KTM0960,690,0.0,177,2.0
DTAA/KUC0848,690,0.0,0,2.0
DTAA/KVH0355,954,0.0,0,2.765217391304348
DTAA/KYH0920,690,0.0,0,2.0
DTAA/LAH0397,690,0.0,234,2.0
DTAA/LAH0710,690,0.0,183,2.0
DTAA/LAL0170,690,0.0,345,2.0
DTAA/LAM0952,690,0.0,0,2.0
DTAA/LAT0452,690,0.0,690,2.0
DTAA/LAW0437,690,0.0,345,2.0
DTAA/LBB0095,1232,199.0,348,3.571014492753623
DTAA/LBC0422,690,0.0,345,2.0
DTAA/LBD0946,690,0.0,345,2.0
DTAA/LCC0556,690,0.0,167,2.0
DTAA/LCG0011,690,0.0,345,2.0
DTAA/LCG0546,973,337.0,181,2.8202898550724638
DTAA/LCK0551,690,0.0,345,2.0
DTAA/LCK0666,1094,520.0,514,3.1710144927536232
DTAA/LCL0792,690,0.0,345,2.0
DTAA/LCP0359,690,0.0,345,2.0
DTAA/LDB0961,1087,0.0,414,3.1507246376811593
DTAA/LDG0406,999,0.0,0,2.8956521739130436
DTAA/LDM0318,520,0.0,260,2.0
DTAA/LEH0561,690,0.0,0,2.0
DTAA/LGA0042,690,0.0,0,2.0
DTAA/LGV0288,690,0.0,187,2.0
DTAA/LIB0089,690,0.0,345,2.0
DTAA/LID0942,1070,259.0,183,3.101449275362319
DTAA/LJB0492,690,0.0,0,2.0
DTAA/LJR0772,820,193.0,441,2.3098591549295775
DTAA/LJU0036,690,0.0,0,2.0
DTAA/LKY0181,319,9.0,26,3.038095238095238
DTAA/LLB0843,954,0.0,182,2.765217391304348
DTAA/LLK0316,690,0.0,0,2.0
DTAA/LMH0690,690,0.0,511,2.0
DTAA/LMJ0323,214,0.0,107,2.0
DTAA/LND0767,690,0.0,345,2.0
DTAA/LNM0509,690,0.0,0,2.0
DTAA/LPB0141,690,0.0,0,2.0
DTAA/LPG0099,1109,469.0,0,3.214492753623188
DTAA/LQA0232,956,0.0,0,2.7710144927536233
DTAA/LRH0747,1193,322.0,196,3.457971014492754
DTAA/LRS0325,690,0.0,0,2.0
DTAA/LSV0944,690,0.0,345,2.0
DTAA/LTB0150,690,0.0,345,2.0
DTAA/LTM0418,1187,451.0,172,3.4405797101449274
DTAA/LVC0027,690,0.0,507,2.0
DTAA/LYC0672,690,0.0,0,2.0
DTAA/MAB0532,794,136.0,169,2.301449275362319
DTAA/MAG0290,740,263.0,0,2.1449275362318843
DTAA/MAH0712,690,0.0,235,2.0
DTAA/MAM0947,690,0.0,411,2.0
DTAA/MBD0602,690,0.0,0,2.0
DTAA/MBR0166,1012,0.0,0,2.933333333333333
DTAA/MBZ0932,690,0.0,345,2.0
DTAA/MCC0851,690,0.0,0,2.0
DTAA/MCF0427,752,44.0,294,2.160919540229885
DTAA/MCF0985,959,0.0,0,2.7797101449275363
DTAA/MCH0530,1225,12.0,416,3.5302593659942363
DTAA/MCM0090,690,0.0,189,2.0
DTAA/MCM0346,1112,465.0,345,3.2231884057971016
DTAA/MCR0314,690,0.0,345,2.0
DTAA/MCR0375,1028,0.0,350,2.979710144927536
DTAA/MDC0595,690,0.0,170,2.0
DTAA/MDS0742,690,0.0,408,2.0
DTAA/MDT0356,1127,0.0,167,3.2666666666666666
DTAA/MED0748,690,0.0,345,2.0
DTAA/MEV0886,1040,10.0,376,2.9885057471264367
DTAA/MFN0656,690,0.0,345,2.0
DTAA/MGB0728,690,0.0,345,2.0
DTAA/MGF0743,690,0.0,345,2.0
DTAA/MGY0732,766,0.0,0,3.2184873949579833
DTAA/MHM0988,690,0.0,345,2.0
DTAA/MIC0914,1269,494.0,62,3.646551724137931
DTAA/MIH0429,690,0.0,345,2.0
DTAA/MIK0034,1089,524.0,357,3.1565217391304348
DTAA/MJF0892,1151,0.0,176,3.336231884057971
DTAA/MJK0212,690,0.0,169,2.0
DTAA/MJM0228,704,262.0,14,2.0288184438040346
DTAA/MJM0469,972,661.0,345,2.8173913043478263
DTAA/MJP0603,690,0.0,170,2.0
DTAA/MKG0273,690,0.0,171,2.0
DTAA/MKN0234,690,0.0,0,2.0
DTAA/MLC0238,690,0.0,163,2.0
DTAA/MMF0289,1180,655.0,172,3.420289855072464
DTAA/MMH0581,1008,0.0,349,2.9217391304347826
DTAA/MMH0612,983,521.0,0,2.8492753623188407
DTAA/MNB0956,748,0.0,159,2.1681159420289857
DTAA/MND0048,96,0.0,34,2.823529411764706
DTAA/MND0675,690,0.0,345,2.0
DTAA/MOA0526,690,0.0,0,2.0
DTAA/MPA0136,690,0.0,180,2.0
DTAA/MQL0135,1056,678.0,390,3.0085470085470085
DTAA/MRL0518,64,0.0,29,2.206896551724138
DTAA/MRM0205,690,0.0,186,2.0
DTAA/MRS0395,690,0.0,0,2.0
DTAA/MSH0322,690,0.0,345,2.0
DTAA/MSK0862,690,0.0,177,2.0
DTAA/MSM0226,1018,0.0,0,2.9507246376811596
DTAA/MSP0078,690,0.0,0,2.0
DTAA/MST0883,332,0.0,166,2.0
DTAA/MSV0506,1074,0.0,457,3.0253521126760563
DTAA/MTC0538,690,0.0,345,2.0
DTAA/MTM0239,690,0.0,345,2.0
DTAA/MTS0084,690,0.0,0,2.0
DTAA/MVL0885,690,0.0,345,2.0
DTAA/MVP0572,988,0.0,199,2.863768115942029
DTAA/MVW0630,1120,654.0,430,3.1818181818181817
DTAA/MWH0853,690,0.0,345,2.0
DTAA/MWJ0837,690,0.0,345,2.0
DTAA/MXM0271,1206,0.0,175,3.4956521739130433
DTAA/MXM0838,971,458.0,345,2.8144927536231883
DTAA/MZB0206,690,0.0,165,2.0
DTAA/MZW0111,826,269.0,352,2.3942028985507244
DTAA/NAC0161,1132,0.0,351,3.281159420289855
DTAA/NAT0252,530,0.0,265,2.0
DTAA/NAW0939,690,0.0,184,2.0
DTAA/NBB0501,690,0.0,345,2.0
DTAA/NBT0479,969,0.0,345,2.8086956521739133
DTAA/NCW0246,973,0.0,181,2.8202898550724638
DTAA/NDH0524,690,0.0,345,2.0
DTAA/NDH0807,394,0.0,0,3.517857142857143
DTAA/NDM0893,1073,35.0,397,3.101156069364162
DTAA/NDS0490,878,255.0,465,2.4593837535014007
DTAA/NEP0644,690,0.0,156,2.0
DTAA/NET0306,690,0.0,168,2.0
DTAA/NFD0706,1153,0.0,178,3.3420289855072465
DTAA/NGC0624,1080,0.0,352,3.130434782608696
DTAA/NHH0566,1044,0.0,428,2.932584269662921
DTAA/NHL0253,1212,45.0,63,3.4431818181818183
DTAA/NHL0521,1058,132.0,177,3.0402298850574714
DTAA/NIC0901,690,0.0,151,2.0
DTAA/NJC0459,690,0.0,0,2.0
DTAA/NJD0267,690,0.0,345,2.0
DTAA/NJH0593,690,0.0,0,2.0
DTAA/NJM0476,690,0.0,345,2.0
DTAA/NJS0448,954,0.0,237,2.765217391304348
DTAA/NJW0094,690,0.0,0,2.0
DTAA/NKM0018,956,0.0,345,2.7710144927536233
DTAA/NLD0701,690,0.0,345,2.0
DTAA/NMC0251,724,0.0,345,2.0985507246376813
DTAA/NMR0621,973,0.0,180,2.8202898550724638
DTAA/NNB0443,969,655.0,345,2.8086956521739133
DTAA/NNS0898,690,0.0,175,2.0
DTAA/NQC0925,690,0.0,345,2.0
DTAA/NRH0276,690,0.0,0,2.0
DTAA/NRM0093,734,0.0,352,2.127536231884058
DTAA/NRS0477,690,0.0,345,2.0
DTAA/NSC0842,1086,193.0,182,3.1478260869565218
DTAA/NSD0763,690,0.0,0,2.0
DTAA/NSP0910,862,595.0,0,2.4985507246376812
DTAA/NTO0396,690,0.0,345,2.0
DTAA/NWC0765,690,0.0,392,2.0
DTAA/NWG0682,690,0.0,345,2.0
DTAA/NWT0708,476,0.0,238,2.0
DTAA/NZD0771,690,0.0,0,2.0
DTAA/OAR0291,970,0.0,345,2.8115942028985508
DTAA/OBD0786,975,0.0,0,2.8260869565217392
DTAA/OBF0564,690,0.0,345,2.0
DTAA/ODW0839,730,255.0,351,2.1159420289855073
DTAA/OES0636,690,0.0,0,2.0
DTAA/OHA0451,690,0.0,345,2.0
DTAA/OHW0215,690,0.0,345,2.0
DTAA/OIR0424,690,0.0,0,2.0
DTAA/OJG0866,690,0.0,690,2.0
DTAA/OJH0425,1096,523.0,347,3.1768115942028987
DTAA/OKG0160,996,0.0,347,2.8869565217391306
DTAA/OLR0984,292,0.0,146,2.0
DTAA/ONB0177,962,0.0,345,2.7884057971014493
DTAA/ONQ0625,690,0.0,0,2.0
DTAA/ORW0580,690,0.0,0,2.0
DTAA/OSH0281,690,0.0,345,2.0
DTAA/OSS0859,964,0.0,345,2.794202898550725
DTAA/OTS0256,690,0.0,345,2.0
DTAA/OUS0565,558,0.0,200,2.79
DTAA/OXC0609,690,0.0,345,2.0
DTAA/OYR0801,1096,645.0,516,3.0786516853932584
DTAA/OZD0789,690,0.0,345,2.0
DTAA/OZM0468,690,0.0,0,2.0
DTAA/PAC0722,690,0.0,0,2.0
DTAA/PAG0557,690,0.0,345,2.0
DTAA/PBH0441,262,0.0,0,2.0
DTAA/PCM0846,1151,30.0,473,3.2606232294617565
DTAA/PCO0684,690,0.0,0,2.0
DTAA/PCS0097,690,0.0,0,2.0
DTAA/PDB0413,88,0.0,0,2.0
DTAA/PDS0896,690,0.0,165,2.0
DTAA/PFF0657,690,0.0,0,2.0
DTAA/PID0096,976,0.0,345,2.8289855072463768
DTAA/PIG0194,690,0.0,175,2.0
DTAA/PIP0746,1019,517.0,346,2.953623188405797
DTAA/PJL0320,1120,0.0,464,3.0939226519337018
DTAA/PJS0809,914,0.0,345,2.6492753623188405
DTAA/PKH0542,854,0.0,305,2.8
DTAA/PKM0092,1038,0.0,377,2.9827586206896552
DTAA/PKM0411,690,0.0,345,2.0
DTAA/PMB0702,1061,95.0,46,3.0401146131805157
DTAA/PMG0890,690,0.0,0,2.0
DTAA/PML0209,690,0.0,0,2.0
DTAA/PRB0157,690,0.0,0,2.0
DTAA/PRB0568,690,0.0,345,2.0
DTAA/PRH0825,690,0.0,345,2.0
DTAA/PRR0982,690,0.0,345,2.0
DTAA/PSP0555,1205,268.0,348,3.4927536231884058
DTAA/PTH0957,690,0.0,345,2.0
DTAA/PUH0847,792,259.0,441,2.2436260623229463
DTAA/PVH0124,690,0.0,345,2.0
DTAA/PVW0713,690,0.0,345,2.0
DTAA/PXB0069,981,593.0,0,2.8434782608695652
DTAA/QAM0113,690,0.0,345,2.0
DTAA/QCD0829,963,0.0,345,2.791304347826087
DTAA/QGF0292,1157,0.0,170,3.353623188405797
DTAA/QGM0222,690,0.0,184,2.0
DTAA/QKR0651,830,464.0,356,2.4057971014492754
DTAA/QLC0632,690,0.0,169,2.0
DTAA/QLW0941,1153,0.0,0,3.3420289855072465
DTAA/QNC0832,1188,0.0,350,3.4434782608695653
DTAA/QNK0574,690,0.0,345,2.0
DTAA/QOH0361,946,0.0,0,2.7420289855072464
DTAA/QVM0338,690,0.0,0,2.0
DTAA/QZD0164,970,0.0,0,2.8115942028985508
DTAA/RAA0594,690,0.0,0,2.0
DTAA/RAC0282,993,0.0,18,2.853448275862069
DTAA/RAH0968,836,69.0,83,2.348314606741573
DTAA/RAY0882,966,0.0,0,2.8
DTAA/RBB0229,690,0.0,690,2.0
DTAA/RBC0583,1168,6.0,28,3.3563218390804597
DTAA/RBC0879,1079,616.0,88,3.1005747126436782
DTAA/RBY0065,838,0.0,393,2.3874643874643873
DTAA/RCF0540,690,0.0,345,2.0
DTAA/RCR0864,690,0.0,345,2.0
DTAA/RCW0436,690,190.0,176,2.0
DTAA/RDG0335,690,0.0,0,2.0
DTAA/RDG0350,690,0.0,345,2.0
DTAA/RDH0117,690,0.0,345,2.0
DTAA/RDP0855,690,0.0,345,2.0
DTAA/RDT0659,963,0.0,0,2.791304347826087
DTAA/REK0484,678,0.0,222,2.0
DTAA/RER0237,961,0.0,345,2.785507246376812
DTAA/RES0962,794,395.0,351,2.301449275362319
DTAA/RHP0688,924,450.0,0,2.7664670658682633
DTAA/RIG0024,272,0.0,61,2.0
DTAA/RIM0938,690,0.0,345,2.0
DTAA/RJP0286,690,0.0,345,2.0
DTAA/RJP0345,971,0.0,165,2.8144927536231883
DTAA/RJP0874,690,0.0,0,2.0
DTAA/RJW0590,690,0.0,160,2.0
DTAA/RKC0190,690,0.0,345,2.0
DTAA/RKC0733,690,0.0,401,2.0
DTAA/RKD0255,690,0.0,345,2.0
DTAA/RLC0019,690,0.0,164,2.0
DTAA/RLC0442,778,71.0,430,2.210227272727273
DTAA/RLE0844,690,0.0,345,2.0
DTAA/RLS0935,690,0.0,345,2.0
DTAA/RLS0966,690,0.0,0,2.0
DTAA/RLW0861,690,0.0,431,2.0
DTAA/RME0699,1126,518.0,167,3.263768115942029
DTAA/ROC0257,690,0.0,345,2.0
DTAA/ROM0419,690,0.0,345,2.0
DTAA/RQH0770,1012,122.0,385,2.9248554913294798
DTAA/RRF0245,690,0.0,210,2.0
DTAA/RRL0780,956,0.0,175,2.7710144927536233
DTAA/RSG0385,690,0.0,0,2.0
DTAA/RSJ0328,690,0.0,164,2.0
DTAA/RTH0376,88,0.0,0,2.0
DTAA/RVM0826,690,0.0,345,2.0
DTAA/RVS0852,1208,400.0,195,3.5014492753623188
DTAA/RWD0210,690,0.0,345,2.0
DTAA/RXE0207,1019,119.0,161,2.953623188405797
DTAA/RXM0204,885,0.0,0,2.8095238095238093
DTAA/RZW0369,961,0.0,345,2.785507246376812
DTAA/SAE0683,176,0.0,88,2.0
DTAA/SAH0192,1080,432.0,113,3.0508474576271185
DTAA/SAM0954,912,0.0,0,2.643478260869565
DTAA/SAO0167,690,0.0,0,2.0
DTAA/SAP0304,1036,14.0,230,2.9348441926345608
DTAA/SAS0433,690,0.0,0,2.0
DTAA/SAS0601,690,0.0,387,2.0
DTAA/SBB0044,690,0.0,345,2.0
DTAA/SBC0360,690,0.0,0,2.0
DTAA/SBH0674,1091,0.0,359,3.1623188405797102
DTAA/SBK0108,690,0.0,0,2.0
DTAA/SBM0217,690,0.0,345,2.0
DTAA/SCB0529,690,0.0,345,2.0
DTAA/SCJ0498,969,0.0,345,2.8086956521739133
DTAA/SCK0576,690,0.0,163,2.0
DTAA/SCW0707,1155,515.0,166,3.347826086956522
DTAA/SDC0032,1121,398.0,301,3.1666666666666665
DTAA/SDL0679,690,0.0,221,2.0
DTAA/SDM0333,690,0.0,0,2.0
DTAA/SDR0010,690,0.0,168,2.0
DTAA/SEF0446,769,252.0,275,2.8801498127340825
DTAA/SER0835,690,0.0,0,2.0
DTAA/SES0660,38,0.0,0,2.0
DTAA/SFS0308,690,0.0,345,2.0
DTAA/SGC0118,690,0.0,0,2.0
DTAA/SGG0584,963,0.0,345,2.791304347826087
DTAA/SGS0352,690,0.0,345,2.0
DTAA/SHR0025,1207,350.0,237,3.438746438746439
DTAA/SHS0608,690,0.0,345,2.0
DTAA/SHT0953,690,0.0,345,2.0
DTAA/SIP0805,690,0.0,0,2.0
DTAA/SIR0586,690,0.0,177,2.0
DTAA/SJA0691,1006,258.0,345,2.915942028985507
DTAA/SJB0751,690,0.0,345,2.0
DTAA/SJC0487,890,0.0,351,2.579710144927536
DTAA/SJC0735,690,0.0,345,2.0
DTAA/SJH0588,1117,609.0,449,3.1732954545454546
DTAA/SJH0907,690,0.0,345,2.0
DTAA/SKB0263,690,0.0,0,2.0
DTAA/SKH0467,1002,124.0,346,2.9043478260869566
DTAA/SKL0881,974,0.0,345,2.8231884057971013
DTAA/SKP0270,690,0.0,345,2.0
DTAA/SKW0871,972,528.0,345,2.8173913043478263
DTAA/SLC0778,964,656.0,345,2.794202898550725
DTAA/SLG0008,690,0.0,172,2.0
DTAA/SLM0589,690,0.0,175,2.0
DTAA/SLM0781,973,0.0,345,2.8202898550724638
DTAA/SMC0139,910,0.0,171,2.63768115942029
DTAA/SMD0773,690,0.0,345,2.0
DTAA/SML0086,949,0.0,345,2.7507246376811594
DTAA/SML0486,957,0.0,0,2.773913043478261
DTAA/SMW0913,690,0.0,0,2.0
DTAA/SND0611,690,0.0,380,2.0
DTAA/SOG0461,690,0.0,154,2.0
DTAA/SOM0478,864,196.0,0,2.5043478260869567
DTAA/SPK0818,1003,517.0,173,2.907246376811594
DTAA/SRN0275,1131,14.0,576,3.194915254237288
DTAA/SSB0151,690,0.0,0,2.0
DTAA/SSC0047,972,0.0,239,2.8173913043478263
DTAA/SSC0387,690,0.0,239,2.0
DTAA/SSH0085,690,0.0,345,2.0
DTAA/SSH0144,1144,0.0,182,3.315942028985507
DTAA/SSV0560,206,0.0,118,2.0
DTAA/SSW0815,690,0.0,345,2.0
DTAA/STC0066,690,0.0,345,2.0
DTAA/STF0145,1080,269.0,89,3.0681818181818183
DTAA/SVC0175,690,0.0,345,2.0
DTAA/SVM0756,690,0.0,0,2.0
DTAA/SWM0768,690,0.0,345,2.0
DTAA/SXH0895,734,0.0,352,2.127536231884058
DTAA/TAO0639,738,254.0,345,2.139130434782609
DTAA/TCH0230,690,0.0,0,2.0
DTAA/TCR0218,560,0.0,136,2.0
DTAA/TDW0348,690,0.0,0,2.0
DTAA/TEG0502,690,0.0,177,2.0
DTAA/TER0923,690,0.0,0,2.0
DTAA/TFS0216,690,0.0,345,2.0
DTAA/TGC0670,1145,0.0,349,3.318840579710145
DTAA/THB0783,690,0.0,0,2.0
DTAA/THL0671,718,0.0,0,2.081159420289855
DTAA/THS0006,690,0.0,0,2.0
DTAA/TIW0195,690,0.0,0,2.0
DTAA/TJP0714,1030,0.0,22,2.968299711815562
DTAA/TKG0523,690,0.0,394,2.0
DTAA/TKH0211,1091,58.0,447,3.0646067415730336
DTAA/TLB0017,824,316.0,0,2.3884057971014494
DTAA/TLB0831,690,0.0,171,2.0
DTAA/TLV0936,690,0.0,345,2.0
DTAA/TNB0740,742,391.0,0,2.1507246376811593
DTAA/TPC0102,1199,11.0,403,3.3870056497175143
DTAA/TQC0249,730,0.0,357,2.1159420289855073
DTAA/TRB0414,1148,0.0,363,3.327536231884058
DTAA/TRP0068,690,0.0,345,2.0
DTAA/TRT0979,322,0.0,161,2.0
DTAA/TSC0431,690,0.0,174,2.0
DTAA/TSM0130,962,0.0,412,2.7884057971014493
DTAA/TTG0637,690,0.0,389,2.0
DTAA/TUA0298,1149,0.0,359,3.320809248554913
DTAA/TXR0884,690,0.0,0,2.0
DTAA/TZB0870,690,0.0,345,2.0
DTAA/UAD0165,690,0.0,345,2.0
DTAA/UBB0186,690,0.0,345,2.0
DTAA/UBH0964,968,0.0,0,2.8057971014492753
DTAA/UCM0106,690,0.0,345,2.0
DTAA/UGW0223,88,0.0,44,2.0
DTAA/UJC0849,690,0.0,0,2.0
DTAA/ULB0178,1002,0.0,0,2.9043478260869566
DTAA/UMB0449,998,0.0,164,2.8927536231884057
DTAA/UMK0142,690,0.0,0,2.0
DTAA/USB0641,668,0.0,668,2.0
DTAA/VAH0262,1095,0.0,365,3.1739130434782608
DTAA/VAP0168,962,0.0,391,2.7884057971014493
DTAA/VBW0447,690,0.0,0,2.0
DTAA/VCG0663,1147,338.0,354,3.3246376811594205
DTAA/VDP0070,690,0.0,0,2.0
DTAA/VFP0669,1189,379.0,349,3.446376811594203
DTAA/VFS0231,690,0.0,183,2.0
DTAA/VFT0014,690,0.0,0,2.0
DTAA/VIR0488,690,0.0,161,2.0
DTAA/VJD0704,690,0.0,0,2.0
DTAA/VKB0605,690,135.0,0,2.0
DTAA/VMA0051,996,395.0,0,2.8869565217391306
DTAA/VMF0423,410,0.0,0,2.0
DTAA/VMM0309,922,0.0,167,2.672463768115942
DTAA/VNM0127,768,297.0,423,2.1818181818181817
DTAA/VUF0522,955,0.0,182,2.7681159420289854
DTAA/WAB0970,690,0.0,0,2.0
DTAA/WAH0813,690,0.0,177,2.0
DTAA/WBW0591,690,0.0,345,2.0
DTAA/WCB0440,690,0.0,180,2.0
DTAA/WCM0391,690,0.0,345,2.0
DTAA/WCN0570,742,199.0,383,2.1260744985673354
DTAA/WDW0064,690,0.0,0,2.0
DTAA/WDW0198,690,0.0,0,2.0
DTAA/WDW0485,1096,595.0,0,3.1768115942028987
DTAA/WFH0909,690,0.0,345,2.0
DTAA/WFL0495,466,0.0,154,3.0860927152317883
DTAA/WGL0515,690,0.0,345,2.0
DTAA/WJG0153,971,189.0,0,2.8144927536231883
DTAA/WJR0592,690,0.0,178,2.0
DTAA/WKH0407,954,0.0,345,2.765217391304348
DTAA/WLB0169,958,0.0,173,2.7768115942028984
DTAA/WMJ0364,971,395.0,185,2.8144927536231883
DTAA/WNS0816,976,0.0,0,2.8289855072463768
DTAA/WOT0549,1163,342.0,422,3.3419540229885056
DTAA/WPH0764,690,0.0,0,2.0
DTAA/WSL0470,971,0.0,0,2.8144927536231883
DTAA/WTA0867,756,65.0,409,2.141643059490085
DTAA/WWC0894,690,0.0,0,2.0
DTAA/XCB0445,814,0.0,369,2.345821325648415
DTAA/XGB0052,690,0.0,0,2.0
DTAA/XHN0227,690,0.0,345,2.0
DTAA/XIN0791,720,0.0,432,2.0630372492836675
DTAA/XKR0971,690,387.0,388,2.0
DTAA/XQW0354,1148,340.0,0,3.327536231884058
DTAA/XRP0435,690,0.0,244,2.0
DTAA/XXD0650,690,0.0,345,2.0
DTAA/YCB0005,970,656.0,345,2.8115942028985508
DTAA/YCB0967,690,0.0,345,2.0
DTAA/YCD0922,690,0.0,345,2.0
DTAA/YCS0667,690,0.0,175,2.0
DTAA/YCV0635,690,206.0,179,2.0
DTAA/YJJ0129,862,0.0,357,2.4985507246376812
DTAA/YLO0362,690,0.0,0,2.0
DTAA/YQW0689,1106,264.0,353,3.205797101449275
DTAA/YSH0268,690,0.0,162,2.0
DTAA/YVF0045,1177,0.0,166,3.411594202898551
DTAA/ZAB0889,1061,72.0,255,2.988732394366197
DTAA/ZBH0980,690,0.0,0,2.0
DTAA/ZBM0626,690,0.0,345,2.0
DTAA/ZCA0652,974,0.0,0,2.8231884057971013
DTAA/ZCH0336,690,0.0,345,2.0
DTAA/ZGH0528,972,0.0,0,2.8173913043478263
DTAA/ZKE0662,969,0.0,690,2.8086956521739133
DTAA/ZKH0388,1066,268.0,350,3.0898550724637683
DTAA/ZKN0548,690,0.0,0,2.0
DTAA/ZRR0705,690,0.0,0,2.0
